{"cameraMode":{"drawMode":0,"name":"Shaded","section":"Shading Mode"},"sceneLighting":true,"audioPlay":false,"sceneViewState":{"m_AlwaysRefresh":false,"showFog":true,"showSkybox":true,"showFlares":true,"showImageEffects":true,"showParticleSystems":true,"showVisualEffectGraphs":true,"m_FxEnabled":true},"in2DMode":false,"pivot":{"x":6.319565773010254,"y":1.170057773590088,"z":2.9591636657714845},"rotation":{"x":-0.049779415130615237,"y":-0.022744692862033845,"z":0.0011497547384351493,"w":-0.9985358119010925},"size":3.917093276977539,"orthographic":false}